Close,RSI,MACD,MACD_Signal
80.07499694824219,52.62384619818596,0.8191451535439143,0.9395999947229283
78.26249694824219,45.8319926965515,0.5950123346749905,0.8706824627133407
74.54499816894531,35.66476422421867,0.11607632228763975,0.7197612346282006
72.0199966430664,30.68552596250973,-0.46190587549095596,0.4834278126043693
73.1624984741211,35.100658873753815,-0.8183372989029749,0.22307479030290045
68.37999725341797,27.27014637642533,-1.4697769753200163,-0.11549556282168288
68.33999633789062,27.21545862074538,-1.9666055472521293,-0.4857175597077722
74.70249938964844,45.8252754704623,-1.8258971416769327,-0.7537534761016044
72.33000183105469,41.55827299595576,-1.8841066332459633,-0.9798241075304762
75.68499755859375,48.81632617872426,-1.6406060727827452,-1.11198050058093
73.2300033569336,44.46466282364832,-1.6269729081900692,-1.214978982102758
72.25749969482422,42.835662592610326,-1.6753292917892537,-1.307049044040057
66.5425033569336,34.77331328776768,-2.150020419377725,-1.4756433191075906
71.33499908447266,44.24953245098988,-2.115120413788617,-1.603538738043796
68.85749816894531,40.9383939193827,-2.261308568895771,-1.735092704214191
62.057498931884766,33.52360064866738,-2.8925236316210743,-1.9665788896955678
69.49250030517578,45.20879568118975,-2.7609965925066007,-2.1254624302577745
60.5525016784668,36.82638949187659,-3.3396462774677076,-2.368299199699761
63.21500015258789,40.37232042009911,-3.5425526050433263,-2.6031498807684743
61.66749954223633,39.00204430021745,-3.7846011712910865,-2.839440138872997
61.19499969482422,38.5715700072141,-3.96880329881391,-3.0653127708611794
57.310001373291016,35.13753305846595,-4.377807073390684,-3.3278116313670805
56.092498779296875,34.11255254752233,-4.745484800874692,-3.6113462652686033
61.720001220703125,42.46656511127042,-4.530554223938026,-3.795187857002488
61.380001068115234,42.11909331597693,-4.337653593508186,-3.903681004303628
64.61000061035156,46.590070564116154,-3.879424890018555,-3.8988297814466133
61.935001373291016,43.587229899210556,-3.689594079813361,-3.856982641119963
63.70249938964844,46.06101323846372,-3.357822588121927,-3.757150630520356
63.5724983215332,45.901577925558655,-3.0699923298301854,-3.619718970382322
60.227500915527344,41.88426655366886,-3.0763360250399145,-3.5110423813138403
61.23249816894531,43.484664415874725,-2.966077475144786,-3.4020494000800294
60.352500915527344,42.38404352589841,-2.916090329771464,-3.3048575860183163
65.61750030517578,50.46264420429563,-2.4236948619455276,-3.128625041203759
64.85749816894531,49.386179080335424,-2.0709214337818196,-2.9170843197193714
66.51750183105469,51.804507604995514,-1.638509806946459,-2.661369417164789
66.99749755859375,52.51107168030092,-1.2427630349276484,-2.3776481407173606
68.3125,54.47996240694007,-0.813642001297282,-2.064846912833345
71.76249694824219,59.2530675279714,-0.1929503579801377,-1.6904676018627036
71.10749816894531,58.00940300357676,0.24329476317036836,-1.3037151288560893
71.67250061035156,58.81247162317108,0.6273810811848364,-0.9174958868479043
70.69999694824219,56.79890423646534,0.8435751284503112,-0.5652816837882613
69.23249816894531,53.80530916581682,0.8862791075497114,-0.2749695255206667
67.09249877929688,49.69227285953928,0.7389243921992374,-0.0721907419766859
69.0250015258789,53.1734097435754,0.7692145136069684,0.09609030914004495
68.75749969482422,52.63051535920713,0.7628409354393568,0.22944043439990733
70.74250030517578,56.2038625743604,0.9075016743339148,0.36505268238670885
70.7925033569336,56.293305309581534,1.0144868080885914,0.4949395075270854
69.6449966430664,53.58856960148583,0.9952069692336067,0.5949929998683897
71.93250274658203,57.92818320206439,1.151239411787401,0.706242282252192
73.44999694824219,60.562596353314255,1.3814211830171104,0.8412780624051757
72.26750183105469,57.53907861138087,1.451690240210425,0.9633604979662256
73.29000091552734,59.42537862129609,1.5717677448615746,1.0850419473452955
74.38999938964844,61.41144477372816,1.7356828447903752,1.2151701268343114
75.15750122070312,62.7803808836657,1.9055517119436303,1.3532464438561753
75.93499755859375,64.16716680468735,2.0789466665883793,1.4983864884026161
77.53250122070312,66.89640158984737,2.318541904195257,1.6624175715611444
78.75250244140625,68.84782372883873,2.5771588754340087,1.8453658323357174
77.85250091552734,65.76778008877821,2.6786146841642307,2.01201560270142
76.9124984741211,62.616922383876584,2.652591380189236,2.1401307581989832
77.38500213623047,63.561922672839735,2.6396663899475925,2.2400378845487054
76.92749786376953,61.92951280643733,2.5629622375112717,2.304622755141219
78.73999786376953,65.6890350760175,2.6182457393060474,2.3673473519741846
78.28500366210938,63.98095787780074,2.5954256321546296,2.4129630080102737
79.80750274658203,67.06686953299376,2.669422049163117,2.4642548162408424
79.2125015258789,64.7327614446549,2.6495112010177877,2.5013060931962317
79.72250366210938,65.83047907614767,2.6444016049221233,2.52992519554141
79.18250274658203,63.57412746717824,2.5671857331820576,2.53737730306954
79.52749633789062,64.41333290973729,2.504954145989444,2.530892671653521
79.5625,64.50269244067178,2.4304430333886984,2.5108027440005567
79.48500061035156,64.11880099034809,2.3381857370669934,2.4762793426138443
80.4625015258789,66.8025328432405,2.317235669255112,2.444470607942098
80.83499908447266,67.79117250735828,2.3041294593272994,2.4164023782191384
81.27999877929688,68.97967577214271,2.303101726813395,2.3937422479379897
80.58000183105469,64.92146242606276,2.2202101373565313,2.359035825821698
82.875,70.95481555281799,2.313041821346289,2.3498370249266163
83.36499786376953,72.05976851911133,2.3985018954127924,2.3595699990238517
85.99749755859375,77.10012821693172,2.6481244146199856,2.4172808821430785
88.20999908447266,80.3143842449129,2.9900154056402215,2.5318277868425074
83.9749984741211,62.291290990671015,2.885969661532414,2.602656161780489
84.69999694824219,63.78938873640868,2.8293984336110896,2.6480046161466095
85.74749755859375,65.89746823165147,2.836393691950221,2.685682431307332
88.0199966430664,69.98054915027198,2.990832710869583,2.7467124872197823
87.89749908447266,69.49751367007484,3.0679764935439806,2.810965288484622
87.93250274658203,69.56216629452285,3.096246398958087,2.868021510579315
87.43000030517578,67.35502421415617,3.0430246611622636,2.9030221406959047
89.71749877929688,71.7493561832275,3.149126885483909,2.952243089653506
91.63249969482422,74.80676369473514,3.349131528735427,3.0316207774698904
90.01499938964844,68.10254195808045,3.3386322188616333,3.0930230657482394
91.20999908447266,70.2255852189056,3.3876867840021987,3.1519558093990314
88.40750122070312,60.11955274965037,3.163952647512474,3.15435517702172
90.44499969482422,64.15799856626828,3.1151414200214873,3.146512425621674
91.19999694824219,65.55011259477679,3.1016265193251797,3.1375352443623754
91.02749633789062,64.92959344561412,3.04193101830343,3.1184143991505864
91.02749633789062,64.92959344561412,2.960495158319972,3.0868305509844634
93.4625015258789,69.63534241606838,3.0571997256560053,3.080904385918772
93.17250061035156,68.45721744972857,3.0749915532343977,3.0797218193818976
95.34249877929688,72.24164389560566,3.2269936475409082,3.1091761850136996
95.75250244140625,72.90314712955019,3.342015595926071,3.1557440671961743
95.91999816894531,73.18429072749188,3.407408341775948,3.2060769221121292
95.47750091552734,71.08590947012803,3.38451218407198,3.2417639745040994
97.05750274658203,73.95725217525472,3.4540436916635855,3.2842199179359968
97.7249984741211,75.08301416839161,3.522405145202427,3.331856963389283
96.52249908447266,69.27339941428303,3.4398974421603157,3.35346505914349
96.32749938964844,68.34981471869042,3.32049801321358,3.346871649957508
98.35749816894531,72.46543233865324,3.3510482434332545,3.3477069686526573
97.0,66.26044018184324,3.228504572795657,3.323866489481257
97.27249908447266,66.87362964110565,3.117440318233605,3.282581255231727
92.84500122070312,50.73854427503045,2.6417070662021302,3.1544064174258075
92.61499786376953,50.062785214816536,2.2205288138727894,2.967630896715204
94.80999755859375,56.07519641842511,2.0403403717332225,2.782172791718808
93.25250244140625,51.35077853741679,1.7516707239937261,2.5760723781737918
95.04000091552734,55.93891530016094,1.6481354569027218,2.390484993919578
96.19000244140625,58.641402721493435,1.6399739254126047,2.2403827802181837
106.26000213623047,73.7970482269169,2.4181952205511976,2.2759452682847865
108.9375,76.28538457158602,3.2139445523644667,2.4635451251007225
109.66500091552734,76.92653620896596,3.858802995879998,2.742596699256578
110.0625,77.28785462747112,4.3517683359041825,3.064431026586099
113.90249633789062,80.46961501087334,4.994726434547971,3.4504901081784736
111.11250305175781,72.52036224094238,5.218985008272,3.8041890881971794
112.72750091552734,74.1144259038212,5.464042295812064,4.136159729720156
109.375,65.60650927134421,5.326334487423196,4.374194681260764
113.01000213623047,69.67176658127688,5.447716466220399,4.588899038252691
115.01000213623047,71.65681217570861,5.640278227771262,4.799174876156406
114.90750122070312,71.39888492202569,5.718692318599295,4.983078364644984
114.60749816894531,70.59791859430521,5.691025709636605,5.124667833643309
115.5625,71.68678652756273,5.6806770799107795,5.235869682896803
115.7074966430664,71.85719958564417,5.619398802166103,5.3125755067506635
118.2750015258789,74.7547523660541,5.712165227038739,5.39249345080828
124.37000274658203,80.01508830872135,6.205960498011692,5.555186860248963
125.85749816894531,81.05272909566276,6.640774541748698,5.77230439654891
124.82499694824219,78.02445511843004,6.823397703233013,5.982523057885731
126.52249908447266,79.38794892972288,7.024132285596863,6.190844903427958
125.01000213623047,74.92706327823922,6.980700851001103,6.348816092942587
124.80750274658203,74.32489935319667,6.850967429838732,6.449246360321816
129.0399932861328,78.25798017659227,7.008885306102016,6.561174149477856
134.17999267578125,81.8868156504698,7.462765242450018,6.741492368072289
131.39999389648438,74.63150805449388,7.511557139047156,6.895505322267263
120.87999725341797,54.832763235338966,6.624980606289768,6.841400379071764
120.95999908447266,54.93068188987737,5.861252920637611,6.645370887384934
112.81999969482422,44.3867147055417,4.546751188024928,6.225646947512933
117.31999969482422,50.090287023403526,3.824030443806734,5.745323646771694
113.48999786376953,45.78626241813041,2.908690336385746,5.177996984694504
112.0,44.19526910128619,2.0395358319075285,4.550304754137109
115.36000061035156,48.53795664059577,1.6033659886901432,3.960917001047716
115.54000091552734,48.76796717201237,1.2577245006712872,3.4202785009724304
112.12999725341797,44.692635601691826,0.7005666381444229,2.876336128406829
110.33999633789062,42.67658669236962,0.11327118406397574,2.3237231395382585
106.83999633789062,38.9745113668743,-0.6273537008601551,1.7335077714585758
110.08000183105469,43.83194983180448,-0.9420040562507808,1.1984054059167044
111.80999755859375,46.290240416918735,-1.0397845438186408,0.7507674159696354
107.12000274658203,41.04552744096395,-1.478674431688205,0.3048790464380673
108.22000122070312,42.6857372454233,-1.717933873745153,-0.09968353759857682
112.27999877929688,48.39278422694558,-1.5619358094433125,-0.39213399196752396
114.95999908447266,51.80432494742489,-1.2081260673757725,-0.5553324070491737
114.08999633789062,50.6341412525448,-0.9865588125786928,-0.6415776881550777
115.80999755859375,52.89934755593757,-0.6645153239769854,-0.6461652153194593
116.79000091552734,54.18917805181764,-0.3264523192604116,-0.5822226361076498
113.0199966430664,48.6678124417781,-0.35860896898921624,-0.5374999026839631
116.5,53.38893695024414,-0.10210910803571949,-0.4504217437543144
113.16000366210938,48.75426200964606,-0.16642249625958527,-0.3936218942553686
115.08000183105469,51.36781491986226,-0.06175167872697784,-0.32724785114969046
114.97000122070312,51.206683898201824,0.01218411741697878,-0.25936145743635663
116.97000122070312,54.03013873850893,0.22951633243098968,-0.16158589946288737
124.4000015258789,62.67186204605483,0.9898818661747271,0.06870765366463552
121.0999984741211,57.50154832156755,1.311081036732034,0.31718233027811527
121.19000244140625,57.60427856629431,1.5549715177585597,0.5647401677742042
120.70999908447266,56.81549238350102,1.6900424642460905,0.7898006270685816
119.0199966430664,54.01124402928115,1.6417925271170617,0.9601990070782777
115.9800033569336,49.29771224274123,1.342773396545354,1.036713884971693
117.51000213623047,51.5876393740227,1.2152480726904002,1.0724207225154345
116.87000274658203,50.55899397111778,1.0504320064196548,1.0680229792962788
115.75,48.72785404849691,0.8199869262075907,1.0184157686785411
115.04000091552734,47.55210076581912,0.5734561024800229,0.9294238354388374
115.05000305175781,47.571293096630136,0.37456795113942576,0.8184526585789551
116.5999984741211,50.58879401351226,0.33812167878315336,0.7223864626197948
111.19999694824219,41.60479320489095,-0.125055684002362,0.5528980332953635
115.31999969482422,49.040599571605924,-0.15785760743742117,0.4107469051488066
108.86000061035156,40.362106362361075,-0.6970857353010445,0.18918037705883642
108.7699966430664,40.25521942459025,-1.1187937219257549,-0.07241444273808184
110.44000244140625,43.25782180851601,-1.303222095374693,-0.31857597326540404
114.94999694824219,50.493842369049744,-1.0730940843363896,-0.46947959547960116
119.02999877929688,55.964793715046845,-0.5550951366372061,-0.4866027037111222
118.69000244140625,55.41521335216235,-0.17005184973437792,-0.42329253291577335
116.31999969482422,51.61056758503221,-0.055501894199011303,-0.34973440517242094
115.97000122070312,51.053113076139546,0.006957615982273069,-0.27839600094148215
119.48999786376953,56.179473848779594,0.3366112935941885,-0.15539454203434802
119.20999908447266,55.67992118934322,0.5687148558408808,-0.01057266245930226
119.26000213623047,55.75558481066079,0.7480701425750453,0.14115589854756727
120.30000305175781,57.385141755499575,0.9630286864963153,0.3055304561373169
119.38999938964844,55.46033269343506,1.0478759294971667,0.4539995508092869
118.02999877929688,52.61968678739839,0.9939200064698213,0.5619836419413938
118.63999938964844,53.763603640378825,0.9889811410323546,0.647383141759586
117.33999633789062,50.94092064919388,0.8701372720618252,0.6919339678200338
113.8499984741211,44.22766454764146,0.48870549644732364,0.6512882735454918
115.16999816894531,47.068921563853245,0.2895927647530101,0.5789491717869955
116.02999877929688,48.89558982392704,0.19889659613448885,0.5029386566564942
116.58999633789062,50.10311021484607,0.17024388640797383,0.4363997026067901
119.05000305175781,55.1198880262816,0.3420949327551597,0.41753874863646406
122.72000122070312,61.361365405259576,0.7656009348774404,0.48715118588465933
123.08000183105469,61.92079243209,1.117400832125199,0.6132011151327673
122.94000244140625,61.54759354609201,1.3691255771521895,0.7643860075366518
122.25,59.6397242095094,1.4957003185038644,0.9106488697300943
123.75,62.370530893344124,1.6974816649360491,1.0680154287712853
124.37999725341797,63.48792263004093,1.8864841341805203,1.2317091698531324
121.77999877929688,56.08590347223296,1.805657311474306,1.346498798177367
123.23999786376953,58.97816987954945,1.8382213253635484,1.4448433036146033
122.41000366210938,56.692228807193516,1.7765756868211184,1.5111897802559064
121.77999877929688,54.95120581725117,1.6577751453248055,1.5405068532696864
127.87999725341797,65.87787012295745,2.0324153384376444,1.638888550303278
127.80999755859375,65.68099300479511,2.297191407660449,1.7705491217747122
128.6999969482422,67.03011544473762,2.549455328788028,1.9263303631773754
126.66000366210938,61.10101521973553,2.5553098728997554,2.0521262651218515
128.22999572753906,63.7579733036349,2.656017958287663,2.172904603755014
131.8800048828125,69.05068936280577,2.995821114971946,2.3374879059984
130.9600067138672,66.4178251408778,3.1545180804927924,2.500893940897279
131.97000122070312,67.86638600858541,3.323473748263922,2.665409902370608
136.69000244140625,73.59795234558842,3.7944963916362724,2.891227200223741
134.8699951171875,68.52263161024368,3.97510333261269,3.108002426701531
133.72000122070312,65.45132423899543,3.979566769468832,3.282315295254991
132.69000244140625,62.73893358765716,3.855547431113436,3.3969617224266804
129.41000366210938,54.93199397230726,3.4527910960920423,3.408127597159753
131.00999450683594,57.69728251095945,3.2255278115823387,3.3716076400442705
126.5999984741211,48.80796887389693,2.6589198246805807,3.229070076971533
130.9199981689453,55.96511576133257,2.52931046786685,3.0891181551505964
132.0500030517578,57.633667681083615,2.489083464230106,2.9691112169664984
128.97999572753906,51.88188596811152,2.1843000883464754,2.812148991242494
128.8000030517578,51.55701269177502,1.9062589953457518,2.630970992063146
130.88999938964844,55.0747553068596,1.8334201375234045,2.4714608211551976
128.91000366210938,51.27592366313624,1.59751060241706,2.29667077740757
127.13999938964844,48.08303284042353,1.2532790235201219,2.0879924266300804
127.83000183105469,49.40564833864491,1.024342465311122,1.875262434366289
132.02999877929688,56.64566910528471,1.1683452891916204,1.7338790053313553
136.8699951171875,63.183849450014925,1.6539501121868057,1.7178932267024456
139.07000732421875,65.71486608065204,2.1910608462944765,1.812526750620852
142.9199981689453,69.64739464893765,2.8940265219263495,2.0288267048819515
143.16000366210938,69.87933523864555,3.430948483520808,2.309251060609723
142.05999755859375,67.33947902843276,3.7247649353896293,2.5923538355657048
137.08999633789062,57.22007626325358,3.51604821271917,2.777092710996398
131.9600067138672,49.0299393754729,2.9032248478818588,2.8023191383734902
134.13999938964844,52.1634136931182,2.5639099481669803,2.7546373003321882
134.99000549316406,53.367212906194545,2.336653348976597,2.6710405100610703
133.94000244140625,51.63850839865244,2.0482138514766746,2.5464751783441915
137.38999938964844,56.61166422451663,2.0741004535632612,2.4520002333880053
136.75999450683594,55.48950845746708,2.0204887072407587,2.365697928158556
136.91000366210938,55.71460368780773,1.9674262322550646,2.286043588977858
136.00999450683594,53.95172242551881,1.8316366541988032,2.195162202022047
135.38999938964844,52.714326439193286,1.654917156012118,2.0871131928200612
135.1300048828125,52.17392378342921,1.4768619514058798,1.9650629445372252
135.3699951171875,52.656387092137955,1.3396741949675857,1.8399851946232975
133.19000244140625,47.92679114928082,1.0430214179810662,1.6805924392948512
130.83999633789062,43.401218472294005,0.6112499927911585,1.4667239499941127
129.7100067138672,41.37794646345799,0.1758601028451494,1.20855118056432
129.8699951171875,41.79169458868766,-0.15449882836159645,0.9359411787791367
126.0,35.30128478222218,-0.7202839396141769,0.604696155100474
125.86000061035156,35.08898315191652,-1.1665225514265956,0.2504524137950601
125.3499984741211,34.2801916215719,-1.5435299242390101,-0.10834405381175394
120.98999786376953,28.279095711375845,-2.1691223029179696,-0.520499703632997
121.26000213623047,29.106772630152136,-2.613000637094956,-0.9389998903253889
127.79000091552734,45.49054990686001,-2.4100791941604456,-1.2332157510924002
125.12000274658203,41.28885359791466,-2.4366211746357465,-1.4738968358010696
122.05999755859375,37.06365087175586,-2.673751388868908,-1.7138677464146372
120.12999725341797,34.65486167561785,-2.9830272062579724,-1.9676996383833045
121.41999816894531,37.57514805941082,-3.08843665162037,-2.1918470410307176
116.36000061035156,31.608146358287712,-3.5394730690243534,-2.4613722466294448
121.08999633789062,41.03459061655873,-3.4751917075967214,-2.6641361388229003
119.9800033569336,39.65335541165552,-3.4737719419095896,-2.8260632994402384
121.95999908447266,43.31847194551643,-3.2751240681127456,-2.91587545317474
121.02999877929688,42.02734156187066,-3.1563529768829284,-2.963970957916378
123.98999786376953,47.40097273246885,-2.7912035855411546,-2.9294174834413336
125.56999969482422,50.06186711047946,-2.3472692600976046,-2.812987838772588
124.76000213623047,48.70166167608985,-2.037323149280681,-2.6578549008742067
120.52999877929688,42.24620655489651,-2.108706684672029,-2.548025257633771
119.98999786376953,41.49012901065402,-2.1836801066911278,-2.4751562274452428
123.38999938964844,47.822042795239625,-1.9463095309186969,-2.3693868881399336
122.54000091552734,46.46814795432047,-1.8059614135805049,-2.256701793228048
120.08999633789062,42.71440441394379,-1.8708632661488878,-2.1795340878122165
120.58999633789062,43.713713018490736,-1.8605058769514926,-2.115728445640072
121.20999908447266,44.99505259517631,-1.7817298585999453,-2.0489287282320463
121.38999938964844,45.38378216091418,-1.6853471434261849,-1.976212411270874
119.9000015258789,42.69404285886706,-1.7094876133380126,-1.922867451684302
122.1500015258789,47.73170875268241,-1.5294325671055304,-1.844180474768548
123.0,49.536501180427436,-1.3031282216418845,-1.7359700241432154
125.9000015258789,55.21793366844071,-0.8796346301499227,-1.564702945344557
126.20999908447266,55.79091015020691,-0.5130841805159747,-1.3543791923788406
127.9000015258789,58.8797947478113,-0.08523865706648337,-1.1005510853163691
130.36000061035156,62.9389875970768,0.447178573537812,-0.7910051535455329
133.0,66.73419890883531,1.0698167702107355,-0.4188407687942793
131.24000549316406,62.16385588350611,1.4050486528682882,-0.054062884461765826
134.42999267578125,66.62534139214205,1.9061546763230979,0.3379806276952069
132.02999877929688,60.81515193097729,2.0855840456769954,0.6875013112915647
134.5,64.26874258659566,2.3994324062732773,1.0298875302879074
134.16000366210938,63.439890805795,2.590858822449775,1.342081788720281
134.83999633789062,64.42798913994963,2.7655557571523843,1.6267765824067015
133.11000061035156,59.98608977410233,2.7329049128319127,1.8480022484917438
133.5,60.644808110326444,2.707290613888034,2.019859921571002
131.94000244140625,56.62900540448162,2.531925866578206,2.122273110572443
134.32000732421875,60.884643141115994,2.555535917125866,2.2089256718831276
134.72000122070312,61.56718248910266,2.5768192485608097,2.282504387218664
134.38999938964844,60.62725154929421,2.537803829417925,2.3335642756585164
133.5800018310547,58.27553498049967,2.4137001621170953,2.349591452950232
133.47999572753906,57.9765174141448,2.2809836947249664,2.335869901305179
131.4600067138672,52.15527292084151,1.9898707155382453,2.2666700641517927
132.5399932861328,54.77010228457623,1.8252669317346317,2.178389437668361
127.8499984741211,43.620924774464804,1.3013724502267792,2.0029860401800446
128.10000610351562,44.27215879615779,0.8960269841512059,1.781594228974277
129.74000549316406,48.47651471132382,0.699063655953978,1.565088114370217
130.2100067138672,49.64891540538403,0.5742740955597583,1.3669253106081254
126.8499984741211,42.24774495222782,0.20192521748700187,1.133925291983901
125.91000366210938,40.43187668875672,-0.16708759469617007,0.8737227146478868
122.7699966430664,35.01742094599648,-0.7047809551086743,0.5580219806965746
124.97000122070312,40.9809179767548,-0.942520049465287,0.2579135746642023
127.44999694824219,46.89701183102685,-0.9202074864428198,0.02228936244279786
126.2699966430664,44.60587745166208,-0.9863705171207897,-0.1794426134699197
124.8499984741211,41.94988685737301,-1.1402431669738604,-0.37160272417070783
124.69000244140625,41.648971164821944,-1.260567654032883,-0.5493957101431428
127.30999755859375,48.20147638321001,-1.131471072961233,-0.6658107827067609
125.43000030517578,44.35271909950424,-1.1674040615912986,-0.7661294384836685
127.0999984741211,48.30165671365614,-1.0490337108688976,-0.8227102929607144
126.9000015258789,47.86359660019121,-0.9602927799818417,-0.8502267903649399
126.8499984741211,47.747002755284065,-0.8838117495982232,-0.8569437822115966
125.27999877929688,44.11346863376671,-0.9390609265247036,-0.873367211074218
124.61000061035156,42.622790971277304,-1.0250929170635743,-0.9037123522720892
124.27999877929688,41.87226384230707,-1.1071398600820004,-0.9443978538340715
125.05999755859375,44.365871137180356,-1.0965825497384856,-0.9748347930149543
123.54000091552734,40.70158513972004,-1.197067778976205,-1.0192813902072044
125.88999938964844,47.87021153538129,-1.074689458888102,-1.030363003943384
125.9000015258789,47.89908162353604,-0.9657639441467012,-1.0174431919840474
126.73999786376953,50.38422384329232,-0.8024093293563652,-0.9744364194585111
127.12999725341797,51.539965601487246,-0.6341696162654102,-0.906383058819891
126.11000061035156,48.36669624888,-0.5764981246437202,-0.8404060719846569
127.3499984741211,52.218215361967715,-0.42582691985714405,-0.7574902415591543
130.47999572753906,60.27364278928972,-0.053240560622271005,-0.6166403053717777
129.63999938964844,57.47330442599979,0.1722703042527769,-0.45885818344686685
130.14999389648438,58.72708350265551,0.3876727339252426,-0.289551999972445
131.7899932861328,62.55063312574658,0.6828435605189185,-0.09507288787417231
130.4600067138672,57.86861676538618,0.8002252672076366,0.08398674314218949
132.3000030517578,62.0957287562806,1.0298519502033798,0.2731597845544276
133.97999572753906,65.49934429942778,1.3320392007586292,0.4849356677952679
133.6999969482422,64.4604317552278,1.531279574773862,0.6942044491909867
133.41000366210938,63.33987025800195,1.6467957358660783,0.884722706526005
133.11000061035156,62.13646626138594,1.6946010803324043,1.046698381287285
134.77999877929688,66.00802365382773,1.8459629439716707,1.206551293824162
136.3300018310547,69.15998169149407,2.067161651020456,1.3786733652634209
136.9600067138672,70.36289900807475,2.2671648833654388,1.5563716688838245
137.27000427246094,70.96306443234896,2.4227550856504365,1.729648352237147
139.9600067138672,75.58363264798125,2.731633586063964,1.9300453990025106
142.02000427246094,78.41614801333925,3.1068329732721907,2.165402913856447
144.57000732421875,81.30701759316946,3.5688061500197534,2.4460835610891083
143.24000549316406,75.61819885929603,3.7839837788971806,2.7136636046507228
145.11000061035156,77.95380994933292,4.058621317663409,2.98265514725326
144.5,75.41592298591756,4.178880066381993,3.221900131079007
145.63999938964844,76.92769057098324,4.3164174411462,3.440803593092446
149.14999389648438,80.83536352028037,4.654984263046401,3.6836397270832375
148.47999572753906,78.11568695118991,4.813747768003424,3.909661335267275
146.38999938964844,70.18326143555538,4.716554250425702,4.071039918298961
142.4499969482422,58.18737922786339,4.272353388046952,4.11130261224856
146.14999389648438,64.34978580414234,4.170801433187762,4.1232023764364
145.39999389648438,62.344010516804715,3.9838783752987865,4.095337576208878
146.8000030517578,64.56440045843894,3.903710004720409,4.057012061911184
148.55999755859375,67.18406169486315,3.936811726268786,4.032971994782705
148.99000549316406,67.81020451723214,3.9521847994559494,4.016814555717354
146.77000427246094,61.30655783274099,3.74209597252991,3.9618708390798654
144.97999572753906,56.593377333775365,3.392058791468372,3.847908429557567
145.63999938964844,57.879195972085334,3.1318070609306687,3.7046881558321876
145.86000061035156,58.32238601765601,2.909765978418136,3.545703720349377
145.52000427246094,57.318641774648114,2.675520226094619,3.3716670214984257
147.36000061035156,61.20946057811756,2.6082844274267813,3.218990502684097
146.9499969482422,59.899136277258386,2.493175923488252,3.073827586844928
147.05999755859375,60.14564261894136,2.383353914407877,2.935732852357518
146.13999938964844,56.99026323251153,2.1967601341081604,2.7879383087076466
146.08999633789062,56.81579725384667,2.0215452749398537,2.634659701954088
145.60000610351562,55.03773787349104,1.8221435828215249,2.4721564781275753
145.86000061035156,55.82766842336537,1.665892319367316,2.3109036463755235
148.88999938964844,63.80793026937171,1.7661980147887846,2.201962520058176
149.10000610351562,64.289476999101,1.8414101577233453,2.1298520475912097
151.1199951171875,68.61507910259864,2.040491043931098,2.1119798468591875
150.19000244140625,64.72770978773352,2.099025188117821,2.109388915110914
146.36000061035156,51.72961698428148,1.8154375460361791,2.0505986412959674
146.6999969482422,52.63884255449839,1.599686963997243,1.9604163058362227
148.19000244140625,56.50540068660104,1.531282393888688,1.8745895234467158
149.7100067138672,60.08534475590898,1.5814924601949656,1.8159701107963657
149.6199951171875,59.77160168639911,1.5956277128628074,1.771901631209654
148.36000061035156,55.4099757804673,1.4880061671100862,1.7151225383897406
147.5399932861328,52.714016128581115,1.321316267313648,1.636361284174522
148.60000610351562,55.713683220450704,1.2602204592607507,1.561133119191768
153.1199951171875,65.70428121905772,1.558560810631775,1.5606186574797694
151.8300018310547,61.44401936556782,1.6716364270784254,1.5828222113995007
152.50999450683594,62.81281130980561,1.7954228764698712,1.6253423444135748
153.64999389648438,65.05278698188226,1.9628860245807687,1.6928510804470138
154.3000030517578,66.29927673833471,2.1235728564321334,1.7789954356440378
156.69000244140625,70.46992627844645,2.4159220594052044,1.9063807603962712
155.11000061035156,64.76380115769422,2.4913986728252553,2.023384342882068
154.07000732421875,61.248285487903644,2.439178336607341,2.1065431416271228
148.97000122070312,47.60218808350992,1.9636299699270126,2.077960507287101
149.5500030517578,48.99399562936549,1.6149397435814876,1.9853563545459783
148.1199951171875,45.76620953902194,1.209270816552106,1.830139246947204
149.02999877929688,48.10905087121804,0.9502510568363789,1.654161608925039
148.7899932861328,47.525919811166276,0.7173405384381795,1.4667973948276671
146.05999755859375,41.38162069205134,0.30890852965086424,1.2352196217923066
142.94000244140625,35.700965704914836,-0.2634968829313493,0.9354763208475755
143.42999267578125,37.159933637063084,-0.6698723084751919,0.6144065949830221
145.85000610351562,43.92713469031104,-0.7875742367204737,0.334010428642323
146.8300018310547,46.44240465090639,-0.7926393448386477,0.10868047394612887
146.9199981689453,46.67895079891125,-0.7803956123378271,-0.06913474331066231
145.3699951171875,43.14456988402498,-0.8855565142242767,-0.2324190974933852
141.91000366210938,36.5007064872785,-1.2338664364580723,-0.4327085652863226
142.8300018310547,39.18246687245417,-1.4193075023782455,-0.6300283527047073
141.5,36.76513017546946,-1.654518654480995,-0.8349264130599648
142.64999389648438,40.20048059529226,-1.7282085778678322,-1.0135828460215384
139.13999938964844,34.10952217253141,-2.046247725478395,-1.2201158219129098
141.11000061035156,39.63750067317501,-2.11495353890092,-1.399083365310512
142.0,42.00475004396485,-2.0736837429619754,-1.5340034408408048
143.2899932861328,45.35015107551794,-1.914812686361472,-1.6101652899449383
142.89999389648438,44.514134560140214,-1.7996308960468639,-1.6480584111653236
142.80999755859375,44.31113523737459,-1.696059333483447,-1.6576585956289485
141.50999450683594,41.37586583582205,-1.6992891580142953,-1.665984708106018
140.91000366210938,40.05700638612438,-1.7303170462373032,-1.678851175732275
143.75999450683594,48.46075408213779,-1.5075582354795927,-1.6445925876817387
144.83999633789062,51.24992771629306,-1.2296979586424754,-1.5616136618738863
146.5500030517578,55.36841568686927,-0.8615767166109833,-1.4216062728213057
148.75999450683594,60.0641443525536,-0.3870484853651419,-1.2146947153300731
149.25999450683594,61.062292851927545,0.0290297412276459,-0.9659498240185294
149.47999572753906,61.518045349564545,0.3722360874606636,-0.6983126417226908
148.69000244140625,58.85414056249538,0.5738685343339398,-0.4438764065113647
148.63999938964844,58.68093135992296,0.7213140138313747,-0.2108383224428168
149.32000732421875,60.38827088135622,0.882859520881027,0.007901246221951957
148.85000610351562,58.58635087530002,0.961872461551792,0.19869548928791997
152.57000732421875,66.9836673968599,1.3095679117453756,0.42086997377941116
149.8000030517578,57.61543030246959,1.3460860243589252,0.605913183895314
148.9600067138672,55.098837086081346,1.2923488147017963,0.7432003100566105
150.02000427246094,57.61478014410526,1.320077600246293,0.8585757680945469
151.49000549316406,60.88783016449222,1.4440238674925183,0.9756653879741413
150.9600067138672,59.11535419624774,1.4823975489809413,1.0770118201755012
151.27999877929688,59.8748331321371,1.5210954123581928,1.1658285386120397
150.44000244140625,56.887424496386146,1.4670715756583945,1.2260771460213107
150.80999755859375,57.88420290954411,1.4375417234822976,1.268370061513508
147.9199981689453,48.45963884534522,1.1674822956973117,1.248192508350269
147.8699951171875,48.31306743429795,0.9386037849483841,1.186274763669892
149.99000549316406,54.584913625531925,0.9177043118190511,1.132560673299724
150.0,54.61287479824158,0.8916691945357229,1.0843823775469237
151.0,57.43655386832782,0.9408819180939645,1.055682285656332
153.49000549316406,63.52207498699064,1.167349511013441,1.0780157307277538
157.8699951171875,71.29628910368638,1.6808791391657394,1.198588412415351
160.5500030517578,74.83090090896505,2.277851655841488,1.4144410611005784
161.02000427246094,75.40295127437048,2.75709971750004,1.6829727923804707
161.41000366210938,75.89258007367334,3.1322700907087437,1.9728322520461254
161.94000244140625,76.57501141852454,3.4327907120473924,2.264823944046379
156.80999755859375,59.12775277365357,3.2198900604838627,2.455837167333876
160.24000549316406,64.88818918008073,3.290012518449828,2.6226722375570666
165.3000030517578,71.3116889981989,3.7111052748813904,2.8403588450219313
164.77000427246094,69.86984747379785,3.9564503492370307,3.0635771458649512
163.75999450683594,67.08613137261747,4.023013940728077,3.2554645048375765
161.83999633789062,62.02700117696116,3.8761563429122816,3.379602872452518
165.32000732421875,66.89940614210516,3.9945319635567103,3.502588690673357
171.17999267578125,73.14757306680933,4.509217882835202,3.703914529105726
175.0800018310547,76.34754936954212,5.1721865797522355,3.997568939235028
174.55999755859375,75.06310379847582,5.591182379479534,4.316291627283929
179.4499969482422,78.69325195950779,6.245823685226668,4.702198038872478
175.74000549316406,70.32834459262307,6.391588082939961,5.040076047685975
174.3300018310547,67.39616321457076,6.320473423396749,5.29615552282813
179.3000030517578,71.85111113012263,6.589195956478562,5.554763609558217
172.25999450683594,59.457876087640884,6.163046878170235,5.676420263280621
171.13999938964844,57.75124300410565,5.669590902874745,5.6750543911994455
169.75,55.61757908434697,5.107486231285236,5.561540759216603
172.99000549316406,59.384387281360084,4.867347838682207,5.422702175109724
175.63999938964844,62.20945876495002,4.835132396462825,5.305188219380345
176.27999877929688,62.88096868932649,4.805845236103778,5.205319622725032
180.3300018310547,66.89040785730501,5.051209154639594,5.174497529107945
179.2899932861328,64.95026303383807,5.102918561252068,5.16018173553677
179.3800048828125,65.04476238038399,5.0924591233046215,5.14663721309034
178.1999969482422,62.65968012570013,4.932098997672938,5.10372957000686
177.57000732421875,61.3659267980577,4.699998883678461,5.02298343274118
182.00999450683594,66.60003109106961,4.818779835900926,4.98214271337313
179.6999969482422,61.90124428679009,4.672653656063147,4.920244901911134
174.9199981689453,53.49126166871451,4.123607274581815,4.760917376445271
172.0,49.10252965472295,3.4135157283249384,4.491437046821204
172.1699981689453,49.363007310216354,2.831836841135555,4.159517005684075
172.19000244140625,49.39582619473651,2.345429656768829,3.7966995359010256
175.0800018310547,54.03114171446192,2.1681541256640458,3.47099045385363
175.52999877929688,54.726539265681986,2.0404519233686926,3.184882747756643
172.19000244140625,48.82296906812042,1.6507088726973222,2.878047972744779
173.07000732421875,50.34289327728299,1.3967429533051359,2.5817869688568504
169.8000030517578,44.99526092302047,0.9209944653422326,2.249628468153927
166.22999572753906,39.999686548228894,0.25297447352087943,1.8502976692273176
164.50999450683594,37.82099411073053,-0.41049398751800936,1.3981393378782523
162.41000366210938,35.29340634925646,-1.093148102868298,0.8998818497289421
161.6199951171875,34.363019228606916,-1.6785541671636963,0.3841946463504145
159.77999877929688,32.23181656874483,-2.2648571542677303,-0.14561571377321447
159.69000244140625,32.12686369673834,-2.705580203548294,-0.6576086117282304
159.22000122070312,31.54909333577571,-3.0575361919176487,-1.1375941277661141
170.3300018310547,53.04543411878467,-2.412173613410687,-1.3925100248950288
174.77999877929688,58.64715017722244,-1.5240729920607237,-1.4188226183281678
174.61000061035156,58.36071058505738,-0.8244604162515543,-1.2999501779128453
175.83999633789062,59.887265544357724,-0.1688160276942483,-1.073723347869126
172.89999389648438,54.72300826781289,0.11225919340165547,-0.8365268396149698
172.38999938964844,53.85543646773007,0.29051219293543795,-0.6111190331048882
171.66000366210938,52.570686500981935,0.36862514373021327,-0.41517019773786795
174.8300018310547,57.33089499641931,0.6785012395254171,-0.19643591028521099
176.27999877929688,59.341043421094255,1.029218720825554,0.04869501593694203
172.1199951171875,51.80114856315918,0.9604162420083924,0.2310392611512321
168.63999938964844,46.480653792407495,0.6179597547894673,0.30842335987887914
168.8800048828125,46.8858357867979,0.36175685109779465,0.3190900581226623
172.7899932861328,53.11351184600709,0.4688134020190944,0.3490347269019487
172.5500030517578,52.70503209924862,0.5282024941352574,0.3848682803486105
168.8800048828125,46.78009709674206,0.27594962127184886,0.3630845485332582
167.3000030517578,44.46268322542547,-0.050869153064496686,0.28029380821370725
164.32000732421875,40.39784372122202,-0.5440644997919435,0.11542214661257712
160.07000732421875,35.42388781895859,-1.2633022842673824,-0.1603227395634148
162.74000549316406,40.389504533725486,-1.5994197568121251,-0.4481421430131569
164.85000610351562,44.05093217179113,-1.6762135141702856,-0.6937564172445827
165.1199951171875,44.520510853318655,-1.6957398299366844,-0.8941530997830031
163.1999969482422,41.83169892770163,-1.8448758021488914,-1.0842976402561808
166.55999755859375,47.77591209655512,-1.6726617624335631,-1.2019704646916574
166.22999572753906,47.26504288608505,-1.544999492627511,-1.2705762702788281
163.1699981689453,42.70500042829879,-1.6714747332926265,-1.3507559628815877
159.3000030517578,37.745196168007304,-2.0602344356601066,-1.4926516574372914
157.44000244140625,35.604857899431465,-2.4897159100140698,-1.692064507952647
162.9499969482422,45.46953152414035,-2.3582876923955496,-1.8253091448412277
158.52000427246094,40.14482463530824,-2.5818315223305888,-1.9766136203391
154.72999572753906,36.235259390889226,-3.029886982161429,-2.187268292703566
150.6199951171875,32.53496999408928,-3.674262254567907,-2.484667085076434
155.08999633789062,39.74219473810427,-3.7806614474847606,-2.7438659575580995
159.58999633789062,45.99678053197395,-3.4619638186021575,-2.8874855297669115
160.6199951171875,47.344011007261976,-3.0906542202048684,-2.928119267854503
163.97999572753906,51.58699700504654,-2.4964867742507124,-2.841792769133745
165.3800048828125,53.276411505851925,-1.8908393352705275,-2.6516020823611015
168.82000732421875,57.226122968467074,-1.1203650577206474,-2.3453546774330105
170.2100067138672,58.74373118870638,-0.39306628430961155,-1.9548969988083307
174.07000732421875,62.70133065844922,0.4891543564741596,-1.4660867277518328
174.72000122070312,63.33908262705549,1.2266298205516648,-0.9275434180911333
175.60000610351562,64.23080191384,1.8606451198618004,-0.3699057105005466
178.9600067138672,67.48298141981356,2.60421105695778,0.22491764299111877
177.77000427246094,65.22121692493906,3.0621703735223775,0.7923681890973706
174.61000061035156,59.51672987475757,3.1339938151808724,1.260693314314071
174.30999755859375,58.98922899213629,3.130618845796647,1.6346784206105864
178.44000244140625,63.75217499550157,3.4217571499416692,1.9920941664768033
175.05999755859375,57.83245953265959,3.341232558264636,2.2619218448343696
171.8300018310547,52.788045634921765,2.982403289559983,2.4060181337794924
172.13999938964844,53.2098725511775,2.692010895225536,2.4632166860687015
170.08999633789062,50.0266662244992,2.270284292740911,2.4246302074031436
165.75,44.02232840540447,1.5677889926977002,2.253261964462055
167.66000366210938,47.03519862366711,1.1518993603797014,2.0329894436455844
170.39999389648438,51.10116346475533,1.0315075661732465,1.8326930681511169
165.2899932861328,44.27479875828235,0.5177930625797558,1.5697130670368447
165.07000732421875,44.00228238411019,0.09186067604952086,1.27414258883938
167.39999389648438,47.67579691830567,-0.05702600479543207,1.0079088701124177
167.22999572753906,47.43131199481738,-0.18658635221325426,0.7690098256472834
166.4199981689453,46.21522854933106,-0.35058259657699864,0.545091341202427
161.7899932861328,39.91549500657622,-0.8444195582079601,0.26718916132034953
162.8800048828125,41.92263798291491,-1.1347533516799047,-0.013199341279701293
156.8000030517578,34.91616254300823,-1.8343055769437058,-0.3774205884125022
156.57000732421875,34.680043304411114,-2.3798312749803756,-0.7779027257260769
163.63999938964844,46.628192112470636,-2.2161288932940977,-1.065547959239681
157.64999389648438,39.95914349906589,-2.540452207458486,-1.360528808883442
157.9600067138672,40.433987490697334,-2.7408702806170595,-1.6365971032301654
159.47999572753906,42.8216934279227,-2.7454053137034578,-1.858358745324824
166.02000427246094,51.778367488260955,-2.195961648706657,-1.9258793260011906
156.77000427246094,41.804073136282,-2.478352376715378,-2.0363739361440283
157.27999877929688,42.462178889789676,-2.6306720191772683,-2.1552335527506763
152.05999755859375,37.755899465310975,-3.136441955872442,-2.3514752333750293
154.50999450683594,41.057925351066174,-3.3015161730145905,-2.541483421302942
146.5,34.59603024012411,-4.032197629463127,-2.839626262934979
142.55999755859375,31.933704665647028,-4.873020074947078,-3.2463050253373993
147.11000061035156,37.8789972687746,-5.1132879004715335,-3.619701600364226
145.5399932861328,36.68818839767854,-5.36850358564385,-3.969461997420151
149.24000549316406,41.36636456053131,-5.2121216975610025,-4.2179939374483215
140.82000732421875,35.024001271952756,-5.701883642624949,-4.514771878483647
137.35000610351562,32.7925795605981,-6.297430749467594,-4.871303652680437
137.58999633789062,33.10999332766578,-6.67311737289026,-5.231666396722401
143.11000061035156,40.11570126990809,-6.451069601724356,-5.475547037722793
140.36000061035156,37.98147445343972,-6.422957306916601,-5.665029091561555
140.52000427246094,38.18752994566526,-6.3149720851534425,-5.795017690279932
143.77999877929688,42.38754429290233,-5.8983462432250064,-5.815683400868947
149.63999938964844,49.08467359552319,-5.037247928145064,-5.659996306324171
148.83999633789062,48.25989508673719,-4.369011623557185,-5.401799369770774
148.7100067138672,48.11841202725995,-3.806044897678987,-5.082648475352416
151.2100067138672,51.088343605004724,-3.1221701705929092,-4.690552814400514
145.3800048828125,44.66690401956864,-3.0158619672837403,-4.35561464497716
146.13999938964844,45.62636081959419,-2.8375769246326,-4.052007100908248
148.7100067138672,48.855928179999935,-2.460543022906876,-3.7337142853079737
147.9600067138672,47.96066094287689,-2.1969347748550376,-3.4263583832173867
142.63999938964844,42.07143283453462,-2.389755851107026,-3.2190378767953147
137.1300048828125,37.00340978854811,-2.9531365313243043,-3.165857607701113
131.8800048828125,32.932689194217176,-3.7796810923911437,-3.2886223046391194
132.75999450683594,34.23857056138087,-4.3139868486622674,-3.493695213443749
135.42999267578125,38.17221086477126,-4.470448919458363,-3.689045954646672
130.05999755859375,33.79387561840905,-4.970463554992108,-3.9453294747157597
131.55999755859375,36.00203252884923,-5.185911334341995,-4.193445846641007
135.8699951171875,41.98907081687211,-4.951793278339778,-4.345115332980761
135.35000610351562,41.48483114889254,-4.753417363436256,-4.426775739071861
138.27000427246094,45.44665552125755,-4.310890312773296,-4.403598653812148
141.66000366210938,49.70420910781446,-3.644626828176257,-4.25180428868497
141.66000366210938,49.70420910781446,-3.0810913137122213,-4.017661693690421
137.44000244140625,44.6709816044626,-2.941101007294037,-3.8023495564111447
139.22999572753906,47.11717909156488,-2.6551136844852294,-3.572902382025962
136.72000122070312,44.16831069048106,-2.6010193189041786,-3.3785257694016053
138.92999267578125,47.295990408148114,-2.3527008329993464,-3.173360782121154
141.55999755859375,50.82639286053111,-1.9215369478865796,-2.922996015274239
142.9199981689453,52.59476669284305,-1.4533425510563802,-2.6290653224306673
146.35000610351562,56.81304563636099,-0.7963424043313125,-2.2625207388107964
147.0399932861328,57.62981594027374,-0.21748185994380265,-1.8535129630373977
144.8699951171875,54.16058106088262,0.06541451730933545,-1.4697274669680511
145.86000061035156,55.477411325839,0.36528631071095674,-1.1027247114322496
145.49000549316406,54.84331178357156,0.5665505120253727,-0.7688696667407252
148.47000122070312,58.91631688976097,0.9555001806420478,-0.42399569726417063
150.1699981689453,61.07335128769183,1.3849562282141221,-0.06220531216851205
147.07000732421875,55.36488959377817,1.4583489476360967,0.2419055397924097
151.0,60.41616677755071,1.8127346939961626,0.5560713706331604
153.0399932861328,62.77134416943222,2.232463906203435,0.8913498777472153
155.35000610351562,65.28979398828815,2.720144922211716,1.2571088866401157
154.08999633789062,62.794499794983544,2.9707187862456976,1.599830866561232
152.9499969482422,60.54007974877913,3.0422428732947253,1.8883132679079306
151.60000610351562,57.88959895882233,2.9559192516222197,2.1018344646507883
156.7899932861328,64.35128304325721,3.26861716657055,2.3351910050347406
157.35000610351562,64.9757953355531,3.521032599138124,2.5723593238554177
162.50999450683594,70.16253501628879,4.09029125683756,2.875945710451846
161.50999450683594,68.05900965451323,4.40990654413099,3.182737877187675
160.00999450683594,64.9151407643743,4.49040391686367,3.444271085122874
166.1300048828125,70.83471655334496,4.990504920742211,3.7535178522467416
165.80999755859375,70.1680590772156,5.299922445829168,4.0627987709632265
165.35000610351562,69.16045717665646,5.44525113207817,4.339289243186215
164.8699951171875,68.06210656140063,5.458767019750468,4.563184798499066
164.9199981689453,68.11890630437591,5.4111370667023095,4.732775252139715
169.24000549316406,72.64523194400346,5.656770741127019,4.917574349937176
168.49000549316406,70.7667657025703,5.724925092985387,5.079044498546819
172.10000610351562,74.22199082766151,6.001058322270154,5.263447263291486
173.19000244140625,75.17604472228848,6.235965166216488,5.457950843876487
173.02999877929688,74.7387653194986,6.336180034824224,5.6335966820660355
174.5500030517578,76.15759165213365,6.46374267971521,5.799625881595871
174.14999389648438,74.96432066222276,6.4581144753804836,5.931323600352794
171.52000427246094,67.47817930198046,6.170308425334213,5.979120565349079
167.57000732421875,58.094636098120226,5.559402977998531,5.895177047878969
167.22999572753906,57.3552717642805,4.990294902111486,5.714200618725473
167.52999877929688,57.86481842202949,4.511474916276285,5.473655478235635
170.02999877929688,61.94542310224703,4.284348432601689,5.235794069108846
163.6199951171875,48.875481318347184,3.5462365258210866,4.897882560451295
161.3800048828125,45.28010475494705,2.7488420898368986,4.468074466328416
158.91000366210938,41.64242029098838,1.8957398891682828,3.9536075508963897
157.22000122070312,39.31512186384335,1.070936091162821,3.377073258949676
157.9600067138672,40.87335223496618,0.4715496666398451,2.7959685404877104
155.80999755859375,37.83372496502128,-0.17493956913801867,2.2017869185625645
154.52999877929688,36.11191762502888,-0.781562781054447,1.6051169786391624
155.9600067138672,39.42847515024426,-1.1338559718944055,1.057322388532449
154.4600067138672,37.24440673831526,-1.5166058396819437,0.5425367428895704
157.3699951171875,43.753714232904706,-1.567062007744255,0.12061699276280535
163.42999267578125,54.36853438764956,-1.1053163283867775,-0.12456967146711123
153.83999633789062,41.1376483595035,-1.4959675258913308,-0.3988492423519551
155.30999755859375,43.410952907725935,-1.667720161305823,-0.6526234261427288
152.3699951171875,40.07720952878906,-2.0178089432235993,-0.9256605295589029
150.6999969482422,38.27897578319197,-2.4023192793630983,-1.220992279519742
154.47999572753906,44.36403288501248,-2.374658594179607,-1.4517255424517153
156.89999389648438,47.90510492762271,-2.132877193801704,-1.5879558727217131
153.72000122070312,43.9468593916057,-2.1728156583109524,-1.7049278298395611
152.74000549316406,42.77390117306696,-2.2575213434331545,-1.8154465325582798
150.42999267578125,40.059727814914986,-2.4824339842353993,-1.9488440228937038
150.77000427246094,40.65661881716737,-2.603234313513582,-2.0797220810176795
151.75999450683594,42.45349093206782,-2.5892383782855006,-2.181625340471244
149.83999633789062,39.92837618824369,-2.701928158996651,-2.2856859041763253
142.47999572753906,32.05697617133043,-3.346549224949399,-2.4978585683309404
138.1999969482422,28.53418943090965,-4.154881310583363,-2.829263116781425
142.4499969482422,36.04935721239347,-4.401809510888228,-3.143772395602786
146.10000610351562,41.71782656788407,-4.253939883231908,-3.3658058931286106
146.39999389648438,42.17151428503466,-4.065679013312973,-3.505780517165483
145.42999267578125,41.05855737549876,-3.9492276711441434,-3.5944699479612154
140.08999633789062,35.50355380046429,-4.238968034904616,-3.7233695653498957
140.4199981689453,36.07910449348539,-4.3913403329814855,-3.856963718876214
138.97999572753906,34.62701169489216,-4.5755485637467075,-4.000680687850313
138.33999633789062,33.97257431949653,-4.718782330457827,-4.144301016371816
142.99000549316406,42.47885202389803,-4.4062863195634066,-4.196698077010135
138.3800048828125,37.34254513101637,-4.478988509921351,-4.253156163592378
142.41000366210938,43.746077628026356,-4.1634249272673,-4.235209916327362
143.75,45.73205203741343,-3.761847769432933,-4.140537486948476
143.86000061035156,45.900896597454874,-3.3955767535582027,-3.991545340270422
143.38999938964844,45.25303835139973,-3.107409225922595,-3.8147181174008566
147.27000427246094,51.35681701921396,-2.5367088164575478,-3.559116257212195
149.4499969482422,54.43090706764277,-1.8867679538062987,-3.224646596531016
152.33999633789062,58.20208176760119,-1.1255121362721923,-2.8048197044792516
149.35000610351562,53.2885178387033,-0.7547780285671308,-2.3948113692968276
144.8000030517578,46.81199575692927,-0.8186785804647343,-2.0795848115304088
155.74000549316406,59.54366083580243,0.01329330246801419,-1.6610091887307243
153.33999633789062,56.35655760128059,0.4735179128639402,-1.2341037684117915
150.64999389648438,52.936449247782974,0.6141094451945719,-0.8644611256905188
145.02999877929688,46.57680207330224,0.26894240909453515,-0.637780418733508
138.8800048828125,40.80029921202399,-0.495150279411007,-0.6092543908690078
138.3800048828125,40.36202264564016,-1.1280416988451236,-0.713011852464231
138.9199981689453,41.097922228154886,-1.5679652359883676,-0.8840025291690584
139.5,41.926812424857474,-1.8484981718884228,-1.0769016577129313
134.8699951171875,37.402024148686245,-2.416568546257963,-1.3448350354219378
146.8699951171875,51.893039474468985,-1.8768337279291814,-1.4512347739233866
149.6999969482422,54.56435609662419,-1.2068210178959475,-1.4023520227178987
148.27999877929688,52.974811846972734,-0.7814055461003306,-1.2781627273943852
150.0399932861328,54.73490336846002,-0.2987994973265131,-1.0822900813808107
148.7899932861328,53.21157269177455,-0.0169993223917686,-0.8692319295830023
150.72000122070312,55.281025070017236,0.35793876183782913,-0.6237977912988361
151.2899932861328,55.90137457630994,0.693084049438454,-0.36042142315137804
148.00999450683594,51.476104038421646,0.6861115482194009,-0.15111482887722225
150.17999267578125,54.06678849222301,0.8459350943799393,0.04829515577421006
151.07000732421875,55.12503168048121,1.0325110059835936,0.24513832581608677
148.11000061035156,50.9230576113816,0.9307963156097685,0.38226992377482316
144.22000122070312,45.964363827407745,0.5301846118337039,0.4118528613865993
141.1699981689453,42.47221196596061,-0.03303203328019322,0.32287588245324084
148.02999877929688,51.413429774842236,0.07331431377576791,0.2729635687177463
148.30999755859375,51.74311158135672,0.17813469555812844,0.25399779408582274
147.80999755859375,51.07661277375952,0.21834286139261394,0.246866807547181
146.6300048828125,49.45751484960129,0.1532262780223448,0.22813870164221375
142.91000366210938,44.65199526542065,-0.19628939069161788,0.14325308317544744
140.94000244140625,42.30758101566346,-0.6250406314701422,-0.010405659753670485
142.64999389648438,45.00666067667174,-0.8174243008320161,-0.17180938796933962
142.16000366210938,44.366149285871096,-0.9979244103297162,-0.337032392441415
144.49000549316406,48.14527973605248,-0.9421004251474017,-0.45804599898261233
145.47000122070312,49.69314285415458,-0.809451200085249,-0.5283270392031397
143.2100067138672,46.26348728478815,-0.8765836915353304,-0.5979783696695778
136.5,37.899903667754856,-1.4544620059823785,-0.769275096932138
134.50999450683594,35.83105089069147,-2.0493874824997533,-1.0252975740456611
132.3699951171875,33.70059241678561,-2.6628545452417427,-1.3528089682848776
132.3000030517578,33.63016166467243,-3.1187286247434827,-1.7059928995765987
135.4499969482422,39.73450694952937,-3.189072295006838,-2.0026087786626467
132.22999572753906,36.08124469622853,-3.464708347206482,-2.295028692371414
131.86000061035156,35.67535690564253,-3.6706939433527452,-2.57016174256768
130.02999877929688,33.65856851298905,-3.9362304517183873,-2.8433754843978214
126.04000091552734,29.714325176251222,-4.4177049764455205,-3.158241382807361
129.61000061035156,36.84537423250273,-4.459798090232113,-3.4185527242923115
129.92999267578125,37.457886613535656,-4.41642668310493,-3.6181275160548356
125.06999969482422,32.329407746866565,-4.719808334883851,-3.838463679820639
126.36000061035156,34.87806624800292,-4.8008074666926746,-4.030932437195046
125.0199966430664,33.46799170584532,-4.916453171720178,-4.208036584100073
129.6199951171875,42.1189178187692,-4.584079379470268,-4.2832451431741125
130.14999389648438,43.03792652250228,-4.229153236430619,-4.272426761825414
130.72999572753906,44.08422716654194,-3.856613767623884,-4.189264162985108
133.49000549316406,48.89484999442557,-3.3006163817838683,-4.01153460674486
133.41000366210938,48.76388980068784,-2.8337739448505204,-3.7759824743659918
134.75999450683594,51.141976398080644,-2.3280289032881,-3.4863917601504135
135.94000244140625,53.187263732252234,-1.8111279796106317,-3.151339004042457
135.2100067138672,51.74415256706105,-1.4437422657683214,-2.80981965638763
135.27000427246094,51.859763339564076,-1.1346654224340398,-2.4747888095969124
137.8699951171875,56.70092814068026,-0.6721738632915617,-2.1142658203358424
141.11000061035156,61.84964323669894,-0.04370084897266224,-1.7001528260632064
142.52999877929688,63.877002766282345,0.5624667608964558,-1.247628908671274
141.86000061035156,62.19751924444474,0.977527378958996,-0.80259765114522
143.9600067138672,65.27897136883699,1.45909926314647,-0.35025826828688195
145.92999267578125,67.92069472459241,1.976921137883096,0.11517761294711365
143.0,60.54260483457486,2.1263614116129474,0.5174143726802805
144.2899932861328,62.47530545903307,2.322117655604302,0.8783550292650848
145.42999267578125,64.1466565502113,2.539965175220715,1.210677058456211
150.82000732421875,70.77462740820033,3.1116706377560206,1.590875774316173
154.5,74.2716933701803,3.8176880581777937,2.036238231088497
151.72999572753906,67.7045045990587,4.106360191381157,2.4502626231470295
154.64999389648438,70.6505717588618,4.518666016440619,2.8639433018057474
151.9199981689453,64.70739458599598,4.572425439387899,3.205639729322178
150.8699951171875,62.528703300620094,4.478676305780311,3.460247044613805
151.00999450683594,62.70899103500452,4.365355126136279,3.6412686609183
153.85000610351562,66.255855073812,4.453376721009164,3.8036902729364725
153.1999969482422,64.73815905134576,4.419736194964571,3.926899457342093
155.3300018310547,67.37540970093204,4.512927212846705,4.044105008443015
153.7100067138672,63.486350298034516,4.405280368929169,4.116340080540246
152.5500030517578,60.78089366369022,4.178203143595539,4.1287126931513045
148.47999572753906,52.35127392230242,3.6280058369879953,4.028571321918642
148.91000366210938,53.091489981888884,3.1898974025233997,3.860836538039594
149.39999389648438,53.969002328471966,2.8493854864967716,3.6585463277310297
146.7100067138672,48.59452307306017,2.335545144711631,3.39394609112715
147.9199981689453,50.9602105667368,2.0028713161430574,3.1157311361303317
147.41000366210938,49.91748844912417,1.6787213608372156,2.828329181071709
145.30999755859375,45.76498117503095,1.2381051384700186,2.5102843725513706
145.91000366210938,47.1185514649647,0.9266472729246402,2.193556952626025
151.02999877929688,56.98423593383396,1.0805001537354144,1.9709455928479027
153.8300018310547,61.24268275015223,1.4120888348101346,1.8591742412403491
151.60000610351562,56.449602666449344,1.4778969589845588,1.7829187847891912
152.8699951171875,58.444276729128376,1.6139235649527564,1.7491197408219044
150.58999633789062,53.689918543166215,1.5202245807964516,1.703340708816814
148.5,49.69882740327098,1.2627658445368866,1.6152257359608284
150.47000122070312,53.22813296253431,1.2038137600074208,1.532943340770147
152.58999633789062,56.74533377543432,1.3130239736701697,1.4889594673501516
152.99000549316406,57.39633111434756,1.4155338574599625,1.4742743453721139
155.85000610351562,61.82073430870939,1.7078646258423191,1.5209924014661549
155.0,59.831977607892895,1.84962910419938,1.5867197420128
157.39999389648438,63.41104802523056,2.131072250162248,1.6955902436426897
159.27999877929688,65.9690309002712,2.477262315284463,1.8519246579710444
157.8300018310547,62.348545634714064,2.6045936659872666,2.002458459574289
158.92999267578125,63.964267848832584,2.7624212740546454,2.1544510224703606
160.25,65.85769967024223,2.9598945281869646,2.315539723613681
158.27999877929688,60.72921756053707,2.9237279543805528,2.4371773697670553
157.64999389648438,59.14305339773901,2.8118166827764526,2.512105232368935
160.77000427246094,64.13851397298718,2.940983133218367,2.597880812538821
162.36000061035156,66.39356728213716,3.1355037565790553,2.7054054013468685
164.89999389648438,69.67422940492428,3.454794264868468,2.8552831740511886
166.1699981689453,71.18869468312342,3.7668906533272093,3.0376046699063926
165.6300048828125,69.59719314786055,3.9254066994842844,3.215165075821971
163.75999450683594,64.24108612163391,3.8556915865723624,3.3432703779720496
164.66000366210938,65.61273438896276,3.8289275807335628,3.4404018185243523
162.02999877929688,58.54554682725731,3.5545231686328407,3.46322608854605
160.8000030517578,55.532950381975766,3.200907253039304,3.410762321444701
160.10000610351562,53.835136280173614,2.831539958591577,3.2949178488740767
165.55999755859375,63.26836127176405,2.9454362404568144,3.2250215271906244
165.2100067138672,62.388323415992524,2.973185496578651,3.17465432106823
165.22999572753906,62.42047374589339,2.9626384761513407,3.1322511520848524
166.47000122070312,64.45055089650197,3.019530696340695,3.1097070609360213
167.6300048828125,66.28539733222559,3.122229671570807,3.1122115830629786
166.64999389648438,63.312286408720034,3.088933352154328,3.1075559368812486
165.02000427246094,58.60403799482393,2.897617310214713,3.0655682115479417
165.3300018310547,59.22508229668358,2.7394336944493887,3.0003413081282315
163.77000427246094,54.771878540482014,2.4598377948656776,2.892240605475721
163.75999450683594,54.7434350027366,2.211950339018159,2.7561825521842085
168.41000366210938,64.07641318837278,2.3634700103386876,2.6776400438151047
169.67999267578125,66.13076531459728,2.556557537274898,2.6534235425070634
169.58999633789062,65.84341142874894,2.6715231848458814,2.657043470974827
168.5399932861328,62.43470204413925,2.6473903497844162,2.6551128467367446
167.4499969482422,59.01893546592415,2.511361892513804,2.6263626558921565
165.7899932861328,54.15929813476672,2.2437454370763703,2.549839212128999
173.57000732421875,67.61732140854915,2.629132576884956,2.5656978850801906
173.5,67.42549784280257,2.8955278135279627,2.6316638707697453
171.77000427246094,62.692403587491754,2.933239205128018,2.6919789376414
173.55999755859375,65.3988681881361,3.0721494270118512,2.7680130355154904
173.75,65.68344611597735,3.1611288619673132,2.8466362008058548
172.57000732421875,62.25879427039387,3.100687364084166,2.8974464334615173
172.07000732421875,60.81194019230667,2.9781114057531113,2.9135794279198364
172.07000732421875,60.81194019230667,2.8481375192458245,2.900491046185034
172.69000244140625,62.07926632406034,2.7633070190030082,2.873054240748629
175.0500030517578,66.5179590405744,2.853615855034491,2.869166563605801
175.16000366210938,66.71353420248926,2.9006257797591672,2.8754584068364744
174.1999969482422,63.241622759960606,2.8278196207619715,2.865930649621574
171.55999755859375,54.79623406695699,2.5279536517663814,2.7983352500505356
171.83999633789062,55.475365751414536,2.2865434231038932,2.6959768846612073
172.99000549316406,58.2497601155417,2.163085502229393,2.589398608174845
175.42999267578125,63.45317460409395,2.2363515160866427,2.5187891897572046
177.3000030517578,66.86194404864573,2.4174427932198057,2.498519910449725
177.25,66.68284253661962,2.527785370397936,2.504373002439367
180.08999633789062,71.37313565965727,2.8119818510342043,2.5658947721583347
180.9499969482422,72.62967934470063,3.071201571434983,2.6669561320136643
179.5800018310547,67.54349295720326,3.130007137085215,2.7595663330279745
179.2100067138672,66.1952546622567,3.110894996698363,2.8298320657620524
177.82000732421875,61.24890544573783,2.949586160506527,2.8537828847109474
180.57000732421875,66.57101568968505,3.0089642955641693,2.884819166881592
180.9600067138672,67.257805113264,3.0523064974694307,2.9183166329991597
183.7899932861328,71.7873038200593,3.277233858032133,2.9901000780057547
183.30999755859375,70.01805039506209,3.377821346213068,3.0676443316472173
183.9499969482422,71.0428184142155,3.4691895991335002,3.147953385144474
186.00999450683594,74.1101899743761,3.6655697780429364,3.2514766637241665
184.9199981689453,69.89150124521151,3.690704742792178,3.339322279537769
185.00999450683594,70.04312961947458,3.6755172607289524,3.406561275776006
183.9600067138672,65.87486564172535,3.5379722897505133,3.4328434785709074
187.0,71.21579640575044,3.632396950245237,3.472754172905774
186.67999267578125,69.97427850805931,3.639453898270716,3.506094117978763
185.27000427246094,64.62815812458035,3.4910298806666162,3.5030812705163337
188.05999755859375,69.58063787465427,3.5575230078686673,3.5139696179868007
189.25,71.41876443500007,3.6640061597446447,3.5439769263383694
189.58999633789062,71.94045974071213,3.7328002896245494,3.5817415989956056
193.97000122070312,77.6102835345688,4.093561888704983,3.684105656937481
192.4600067138672,72.1942995169332,4.209104185003838,3.7891053625507527
191.3300018310547,68.35025943464647,4.161518937207262,3.863588077482055
191.80999755859375,69.10282697167125,4.115102588142378,3.91389097961412
190.67999267578125,65.17387686659109,3.9416979070478533,3.919452365100867
188.61000061035156,58.600955450292425,3.595792332229564,3.8547203585266065
188.0800018310547,57.01544796358973,3.241526895693198,3.732081665959925
189.77000427246094,60.66961922089852,3.0618430373716023,3.598033940242261
190.5399932861328,62.24446837664487,2.947595912570705,3.4679463347079498
190.69000244140625,62.55900851392719,2.8364617626479856,3.341649420295957
193.99000549316406,68.73058953684615,2.9803146035878,3.269382456954326
193.72999572753906,67.78254881727045,3.0383146018972127,3.2231688859429033
195.10000610351562,70.12116755435343,3.158420105187332,3.2102191297917892
193.1300048828125,63.03550003101257,3.059375372436193,3.18005037832067
191.94000244140625,59.14743443268825,2.851982576551052,3.1144368179667463
192.75,60.914624301507125,2.7216093072234457,3.0358713158180866
193.6199951171875,62.77710513307598,2.6578508371016767,2.9602672200748046
194.5,64.61391010962484,2.6478085410528536,2.8977754842704146
193.22000122070312,59.9778114129151,2.5076580242495936,2.8197519922662506
195.8300018310547,65.42534852448168,2.5774813657650952,2.7712978669660195
196.4499969482422,66.58873659304878,2.6522715558931793,2.747492604751452
195.61000061035156,63.47252884542773,2.613634286949349,2.7207209411910314
192.5800018310547,53.708702759773345,2.3118686119417475,2.6389504753411748
191.1699981689453,49.86464885557836,1.936617507628597,2.498483881798659
181.99000549316406,33.20272074431135,0.8882405314504922,2.176435211729026
178.85000610351562,29.56385921886617,-0.19374412235274008,1.7023993449126729
179.8000030517578,31.992298683795482,-0.9634617541353236,1.1692271251030735
178.19000244140625,30.098371648300613,-1.6839703547436216,0.5985876291337344
177.97000122070312,29.838429032312902,-2.2468308046809398,0.029503942370799563
177.7899932861328,29.613072991828673,-2.676573034544191,-0.5117114530121986
179.4600067138672,34.55168297860034,-2.849542963597372,-0.9792777551292333
177.4499969482422,31.67135308939295,-3.1129299495595717,-1.406008194015301
176.57000732421875,30.473617102270524,-3.3540108920496436,-1.7956087336221696
174.0,27.23430848776239,-3.7096844552823995,-2.1784238779542155
174.49000549316406,28.78858822903146,-3.9069817152803523,-2.524135445419443
175.83999633789062,33.032636221421555,-3.909343755126457,-2.801177107360846
177.22999572753906,37.18380854178068,-3.7557602879669503,-2.9920937434820667
181.1199951171875,47.07191909400949,-3.282317332038531,-3.0501384611933595
176.3800048828125,39.013202071771886,-3.252099794585604,-3.0905307278718084
178.61000061035156,43.88092420320773,-3.013472722366231,-3.075119126770693
180.19000244140625,47.10246492416547,-2.6661325884080327,-2.993321819098161
184.1199951171875,54.15244837342144,-2.0501130382256747,-2.804680062923664
187.64999389648438,59.38812911572604,-1.2625181827459926,-2.49624768688813
187.8699951171875,59.69703714821587,-0.6135190597614439,-2.119701961462793
189.4600067138672,61.94969009429083,0.02878623871953323,-1.6900043214263278
189.6999969482422,62.29227295324302,0.5508333574941844,-1.2418367856422254
182.91000366210938,48.88250306044022,0.411915443594836,-0.9110863397948132
177.55999755859375,41.33248073810319,-0.1283986845964762,-0.7545488087551459
178.17999267578125,42.44196070768675,-0.5008001866846996,-0.7037990843410566
179.36000061035156,44.58975723576862,-0.692728933577996,-0.7015850541884446
176.3000030517578,40.38160399831998,-1.0793084814468443,-0.7771297396401247
174.2100067138672,37.76039248763327,-1.5366077384243226,-0.9290253393969643
175.74000549316406,40.79038118560566,-1.7553282480961343,-1.0942859211367983
175.00999450683594,39.79491896366325,-1.964921224690272,-1.2684129818474932
177.97000122070312,45.59282507800012,-1.870614089865029,-1.3888532034510004
179.07000732421875,47.61192385383747,-1.687659419395402,-1.4486144466398807
175.49000549316406,42.13186848246478,-1.8106704712837427,-1.521025651568653
173.92999267578125,39.97281428936996,-2.0108576971266814,-1.6189920606802588
174.7899932861328,41.745127029538466,-2.0761797462106415,-1.7104295977863353
176.0800018310547,44.39709555588574,-2.0007911571947545,-1.7685019096680192
171.9600067138672,38.38666855938438,-2.247585563670839,-1.8643186404685832
170.42999267578125,36.41508368871687,-2.537381895843623,-1.9989312915435913
170.69000244140625,37.00719712247677,-2.7147727514750954,-2.1420995835298924
171.2100067138672,38.245764104343905,-2.781334787554414,-2.2699466243347968
173.75,44.03420475552513,-2.599167860944391,-2.3357908716567155
172.39999389648438,41.79199723139563,-2.5345171334141696,-2.3755361240082062
173.66000366210938,44.62608775961612,-2.3544678683373377,-2.3713224728740325
174.91000366210938,47.36409085320701,-2.0868569869428484,-2.3144293756877956
177.49000549316406,52.5762676859901,-1.647596384091571,-2.1810627773685507
178.99000549316406,55.34489234014914,-1.1650121922953929,-1.9778526603539193
178.38999938964844,53.98717901973962,-0.8215064070683411,-1.7465834096968036
179.8000030517578,56.676853829777,-0.4305371218695484,-1.4833741521313526
180.7100067138672,58.36827927591229,-0.046722864159562505,-1.1960438945369947
178.85000610351562,53.749159935814916,0.1061426493363058,-0.9356065857623346
178.72000122070312,53.43088246345097,0.21432871456497082,-0.7056195256968736
177.14999389648438,49.61027392292675,0.17140463479717027,-0.5302146935980648
175.83999633789062,46.61511127173853,0.03132009885425191,-0.4179077351076015
175.4600067138672,45.75223790679998,-0.1091022295000812,-0.35614663398609747
172.8800048828125,40.29796998995497,-0.42368850485325993,-0.36965500815952995
173.0,40.652339195010434,-0.6557586143161416,-0.4268757293908523
173.44000244140625,42.01154313014476,-0.79500698265133,-0.5005019800429479
171.10000610351562,37.13998869800604,-1.0817111730288502,-0.6167438186401284
166.88999938964844,30.326449132630742,-1.6298507617752591,-0.8193652072671546
168.22000122070312,34.41961293081033,-1.9346340455035431,-1.0424189749144324
170.2899932861328,40.29828348852962,-1.9862496837121455,-1.2311851166739751
170.77000427246094,41.6054904221226,-1.9657624875734996,-1.37810059085388
173.97000122070312,49.53791238290272,-1.6720390019917488,-1.4368882730814536
177.57000732421875,56.66921274327787,-1.1356792144094072,-1.3766464613470444
176.64999389648438,54.54765332568409,-0.7759034808874219,-1.25649786525512
179.22999572753906,59.164604843337436,-0.27937358940133095,-1.0610730100843622
181.82000732421875,63.20525440004229,0.3194399126594192,-0.7849704255356059
182.88999938964844,64.75676148935727,0.8703109418562462,-0.45391415205723556
182.41000366210938,63.463946050514345,1.2536967221713553,-0.11239197721151739
186.39999389648438,69.00359105509051,1.8580728739106291,0.2817009930129119
184.8000030517578,64.76308056658394,2.1827777359627873,0.661916341602887
187.44000244140625,68.23209449451608,2.622899414112794,1.0541129561048685
188.00999450683594,68.94300864414201,2.98330295162512,1.439950955208919
189.7100067138672,71.02563077571156,3.3672861505033893,1.8254179942678133
189.69000244140625,70.96532586150485,3.6281582743227716,2.185966050278805
191.4499969482422,73.12716937506934,3.9315971550761333,2.535092271238271
190.63999938964844,70.52458442274026,4.05991445406832,2.840056707804281
191.30999755859375,71.43032947991931,4.167628266424572,3.1055710195283392
189.97000122070312,66.99617592135074,4.0976307959725204,3.3039829748171754
189.7899932861328,66.39987149211122,3.9817332184050827,3.439533023534757
190.39999389648438,67.45693193159772,3.894215413234633,3.530469501474733
189.3699951171875,63.806733158366924,3.6991036642456834,3.5641963340289236
189.9499969482422,64.9566665346617,3.5503512586632837,3.561427318955796
191.24000549316406,67.4349159045463,3.4962541723043614,3.5483926896255094
189.42999267578125,60.924546319884975,3.2696385759378757,3.492641866887983
193.4199981689453,68.21042686204535,3.3731209420462562,3.468737681919638
192.32000732421875,64.6325173787491,3.3280081877991563,3.4405917830955417
194.27000427246094,67.85183829055032,3.410292730197,3.4345319725158334
195.7100067138672,70.02192852529329,3.550768931330879,3.4577793642788426
193.17999267578125,62.09147521530181,3.4185395481972307,3.4499314010625204
194.7100067138672,64.69553386497856,3.3980357148976736,3.439552263829551
197.9600067138672,69.48988988796687,3.6025066635673113,3.472143143777103
198.11000061035156,69.6944391269684,3.733615818357748,3.524437678693232
197.57000732421875,67.92877801695855,3.7507119502159014,3.5696925329977662
195.88999938964844,62.61396391393054,3.587345472415791,3.573223120881371
196.94000244140625,64.48429555777808,3.502231290548366,3.55902475481477
194.8300018310547,58.18493512486199,3.2273157855181864,3.4926829609554533
194.67999267578125,57.75298184249691,2.9631810750537397,3.3867825837751107
193.60000610351562,54.609713928757074,2.6363167055341705,3.2366894081269226
193.0500030517578,53.02688305157299,2.3063080049950315,3.0506131275005446
193.14999389648438,53.29193822151598,2.0294479451206655,2.846380091024569
193.5800018310547,54.48146998749512,1.8237098081464183,2.641846034448939
192.52999877929688,51.06183765920385,1.557975015127255,2.4250718305846024
185.63999938964844,35.3723736657564,0.7823939580020749,2.096536256068097
184.25,33.158816237552145,0.054945668966212224,1.68821813864772
181.91000366210938,29.7801959037089,-0.7022849852265551,1.210117513872865
181.17999267578125,28.794487128601972,-1.3457881122330662,0.6989363886516788
185.55999755859375,41.34010929482108,-1.4852185132562,0.26210540827010315
185.13999938964844,40.601394126123296,-1.6110374162727226,-0.11252315663846199
186.19000244140625,43.3278767130775,-1.6074931519286793,-0.4115171556965055
185.58999633789062,42.13760499525744,-1.6342610311198769,-0.6560659307811798
185.9199981689453,43.064031107933936,-1.6102840265146483,-0.8469095499278736
183.6300048828125,38.46200720798226,-1.7558253360281242,-1.0286927071479237
182.67999267578125,36.70937480243049,-1.9256284715522156,-1.208079860028782
188.6300048828125,51.58858878519791,-1.562075783763163,-1.2788790447756584
191.55999755859375,56.955139851579084,-1.0257080139656978,-1.2282448386136664
193.88999938964844,60.687257112706796,-0.4079187831403601,-1.0641796275190052
195.17999267578125,62.61964062314482,0.18365821293161844,-0.8146120594288805
194.5,60.91975540969563,0.5908070623509332,-0.5335282350729178
194.1699981689453,60.06754718440807,0.8767405497337393,-0.2514744781115864
192.4199981689453,55.623750113476696,0.9511700278857518,-0.010945576912118782
191.72999572753906,53.92964957475888,0.9436012473184405,0.1799637879339931
188.0399932861328,45.88179650085186,0.6325588313507637,0.2704827966173472
184.39999389648438,39.60345597323949,0.0912856614742168,0.23464336958872112
186.86000061035156,45.07367436518486,-0.13758919998923602,0.1601968556731297
185.85000610351562,43.338151410313365,-0.39590850566986546,0.048975783404530654
187.67999267578125,47.29774126556291,-0.4478018134079207,-0.050379735957959616
189.3000030517578,50.58953760713137,-0.35412421183238507,-0.11112863113284471
189.41000366210938,50.8141871630539,-0.26791949852622565,-0.1424868046115209
188.32000732421875,48.46287418548517,-0.2842782543884823,-0.1708450945669132
188.85000610351562,49.6820954231049,-0.25157620032652517,-0.1869913157188356
187.14999389648438,45.928827741566906,-0.3587014770459689,-0.22133334798426224
185.0399932861328,41.716406890440965,-0.6068629080417338,-0.2984392599957566
184.14999389648438,40.04793707539826,-0.8653726653118667,-0.41182594105897863
183.86000061035156,39.493666490107564,-1.0811803707243257,-0.545696826992048
182.30999755859375,36.57953492888143,-1.3615863050683288,-0.7088747226073042
181.55999755859375,35.22513248466784,-1.625589970949619,-0.8922177722757673
182.32000732421875,37.74081356322814,-1.7532776484312649,-1.064429747506867
184.3699951171875,44.05251443630138,-1.669805689772005,-1.1855049359598946
182.52000427246094,40.101516928419855,-1.7329559241365189,-1.2949951335952194
181.16000366210938,37.44287728896923,-1.8711738952007693,-1.4102308859163295
182.6300048828125,41.924687918806434,-1.840875354694134,-1.4963597796718906
181.4199981689453,39.42111411237155,-1.8926832975151626,-1.575624483240545
180.75,38.06563099423121,-1.9651516730598644,-1.653529921204409
179.66000366210938,35.902766835147716,-2.086485274323394,-1.7401209918282061
175.10000610351562,28.585267037896188,-2.5215300916761123,-1.8964028117977874
170.1199951171875,23.058037345066424,-3.230907618805645,-2.1633037731993587
169.1199951171875,22.132589659091636,-3.8296403523822846,-2.496571089035944
169.0,22.018390380468546,-4.2646625848759925,-2.8501893882039537
170.72999572753906,27.802289304811723,-4.4188864687083935,-3.1639288043048417
172.75,33.96140374493885,-4.328219524406933,-3.39678694832526
173.22999572753906,35.37226259121181,-4.169569472692871,-3.5513434531987826
171.1300048828125,32.13736382091551,-4.165275175086634,-3.674129797576353
173.0,37.60911980534752,-3.965269773880607,-3.732357792837204
172.6199951171875,36.95700191375157,-3.793695905765418,-3.744625415422847
173.72000122070312,40.189942811322,-3.5282891586053893,-3.7013581640593554
176.0800018310547,46.52581991746376,-3.0918788190233784,-3.5794622950521604
178.6699981689453,52.47584320330585,-2.508117405570175,-3.3651933171557635
171.3699951171875,39.22722254202815,-2.604508366046872,-3.213056326933985
172.27999877929688,41.21949767638102,-2.5777544575791183,-3.0859959530630117
170.85000610351562,39.05294441880091,-2.641490788812547,-2.997094920212919
169.7100067138672,37.36675058574564,-2.75226432398091,-2.948128800966517
173.30999755859375,45.386087573562236,-2.5205091137901547,-2.862604863531245
171.47999572753906,42.41325829901464,-2.4561938203767966,-2.7813226549003556
170.02999877929688,40.168189145308126,-2.493482804936889,-2.723754684907662
168.83999633789062,38.37296417136348,-2.589211032554118,-2.696845954436953
169.64999389648438,40.32788249816324,-2.570089912394309,-2.6714947460284244
168.82000732421875,38.963951582309626,-2.592029958918289,-2.6556017886063974
169.5800018310547,40.93387571109677,-2.5190543086818593,-2.62829229262149
168.4499969482422,38.92238916685736,-2.52331532198383,-2.6072968984939577
169.6699981689453,42.22342822283853,-2.400575957853988,-2.5659527103659636
167.77999877929688,38.73110381969974,-2.4278248294866103,-2.538327134190093
175.0399932861328,54.350290524886056,-1.8423612801692286,-2.3991339633859203
176.5500030517578,56.81614754432797,-1.2422125775468658,-2.1677496862181096
172.69000244140625,49.46109321998874,-1.0657746104770922,-1.9473546710699063
169.3800048828125,44.17955504705079,-1.1794395456751658,-1.7937716459909583
168.0,42.158316354679286,-1.3651382229273565,-1.708044961378238
167.0399932861328,40.76123427316157,-1.5716532409926458,-1.6807666173011198
165.0,37.88794798843072,-1.8782766854818362,-1.7202686309372632
165.83999633789062,39.77061427396246,-2.030095611497984,-1.7822340270494075
166.89999389648438,42.153413025054746,-2.0413488609789567,-1.8340569938353173
169.02000427246094,46.69554975479742,-1.8577846377197318,-1.8388025226122002
169.88999938964844,48.483248937225135,-1.623393859291184,-1.7957207899479972
169.3000030517578,47.324122719641196,-1.4683193805331314,-1.7302405080650243
173.5,55.48329920143099,-0.9950468057998307,-1.5832017676119856
170.3300018310547,49.27902001627676,-0.86578698658505,-1.4397188114065986
169.3000030517578,47.423420248630954,-0.8368136748754011,-1.3191377841003593
173.02999877929688,54.15572360180151,-0.5070279318818507,-1.1567158136566575
183.3800048828125,66.84289708282185,0.5827708201101984,-0.8088184869032864
181.7100067138672,63.77601412831001,1.2967412610985036,-0.3877065373029284
182.39999389648438,64.50073539400344,1.896383846114702,0.06911153938059766
182.74000549316406,64.87368040984924,2.3717015105079042,0.529629533606059
184.57000732421875,66.88985882766548,2.8630565046265133,0.99631492781015
183.0500030517578,63.62330008331925,3.094139916977525,1.4158799256436252
186.27999877929688,67.2799696235932,3.4975907976034932,1.832222100035599
187.42999267578125,68.49428105117443,3.865563612655592,2.2388904025595977
189.72000122070312,70.81688064672872,4.292488139568746,2.6496099499614276
189.83999633789062,70.93778025356202,4.5876281840818365,3.0372135967855094
189.8699951171875,70.9701591858543,4.768975663640504,3.3835660101565086
191.0399932861328,72.26788520775492,4.950042908525205,3.6968613898302483
192.35000610351562,73.68627543232364,5.1399964116474735,3.9854883941936934
190.89999389648438,69.45200745267061,5.1145744341977775,4.2113056021945106
186.8800048828125,59.28137630559556,4.715688297678497,4.3121821412913075
189.97999572753906,63.69639985721108,4.5967233487292845,4.369090382778903
189.99000549316406,63.71008262934907,4.451931380300664,4.385658582283256
190.2899932861328,64.14622040210958,4.311686768802218,4.370864219587048
191.2899932861328,65.62911255889797,4.232444560148991,4.343180287699437
192.25,67.03853158056779,4.198708954359972,4.314286021031545
194.02999877929688,69.53316555701949,4.266423593707231,4.304713535566682
194.35000610351562,69.9731476364275,4.296383811723757,4.303047590798097
195.8699951171875,72.0386735110951,4.392147962978612,4.3208676652342
194.47999572753906,67.46802650289439,4.306240745978641,4.317942281383089
196.88999938964844,70.91380007575793,4.382111557603025,4.330776136627076
193.1199951171875,60.176143682502044,4.090874826370538,4.282795874575768
207.14999389648438,75.21614937911004,4.935280425874481,4.4132927848355115
213.07000732421875,78.84641505272934,6.012861035950408,4.7332064350584915
214.24000549316406,79.4859556098983,6.881929903065924,5.162951128659978
212.49000549316406,75.79481038138522,7.344796623420649,5.599320227612113
216.6699981689453,78.37764119172584,7.957186812952671,6.070893544680225
214.2899932861328,73.56435264537969,8.15644156551889,6.488003148847959
209.67999267578125,65.21070041040971,7.85185260142714,6.760773039363796
207.49000549316406,61.630323912523984,7.349034890190012,6.87842540952904
208.13999938964844,62.29207528853811,6.923191069536443,6.887378541530522
209.07000732421875,63.268212440890686,6.5848446513315935,6.826871763490736
213.25,67.35823242245047,6.578164170733885,6.777130244939366
214.10000610351562,68.1352399480638,6.565772096805489,6.734858615312591
210.6199951171875,61.66347404059377,6.2036318793276735,6.628613268115608
216.75,67.51648019537758,6.338210367632627,6.5705326880190125
220.27000427246094,70.31878254138445,6.652217098237287,6.586869570062667
221.5500030517578,71.28874544834119,6.924533190384409,6.654402294127016
226.33999633789062,74.62996160439418,7.441081921411893,6.811738219583992
227.82000732421875,75.57573821008884,7.8790502432469225,7.025200624316579
228.67999267578125,76.13251973096914,8.201000891040081,7.2603606776612795
232.97999572753906,78.74196866845095,8.702802913912393,7.548849124911502
227.57000732421875,68.58256517392645,8.565209379272119,7.752121175783627
230.5399932861328,70.8092080332249,8.596720910299013,7.921041122686704
234.39999389648438,73.44352445140136,8.83136137890591,8.103105173930546
234.82000732421875,73.72142180412243,8.948059553629122,8.27209604987026
228.8800048828125,63.587171802268514,8.46367121025304,8.310411081946818
224.17999267578125,56.91974986157335,7.612782831146745,8.170885431786804
224.30999755859375,57.05388965340662,6.869747791659364,7.910657903761316
223.9600067138672,56.543451149348634,6.181390610240527,7.564804445057159
225.00999450683594,57.76426780656067,5.655395940360137,7.182922744117755
218.5399932861328,48.68774207517766,4.662717444182817,6.6788816841307685
217.49000549316406,47.386437370858786,3.748081790540027,6.09272170541262
217.9600067138672,48.05570016374346,3.0262666972800787,5.479430703786112
218.24000549316406,48.476183540406204,2.448590766752204,4.8732627163793305
218.8000030517578,49.359114817887445,2.0127636661210317,4.301162906327671
222.0800018310547,54.29899956403675,1.910018533591824,3.822934031780502
218.36000061035156,48.51836198246929,1.5110013832795914,3.36054750208032
219.86000061035156,50.79315704165854,1.3008198394933288,2.9486019695629215
209.27000427246094,38.02015378068998,0.2765374994359888,2.4141890755375353
207.22999572753906,36.13504145455426,-0.691850058317101,1.7929812487666081
209.82000732421875,40.18969530783499,-1.23606331598603,1.1871723358160806
213.30999755859375,45.235149234761124,-1.3699512534006146,0.6757476179727416
216.24000549316406,49.11606475585796,-1.2255044032793307,0.2954972137223271
217.52999877929688,50.77017300368221,-0.9954624847374873,0.03730527403036424
221.27000427246094,55.30643099224385,-0.5055378940066078,-0.07126335957703016
221.72000122070312,55.833760257162865,-0.0800355333860523,-0.07301779433883458
224.72000122070312,59.28289454575595,0.4935635871387092,0.04029848195667418
226.0500030517578,60.746466576896644,1.0434369633930771,0.2409261782439548
225.88999938964844,60.464885925128534,1.4495945932429777,0.48265986124375937
226.50999450683594,61.21510387470568,1.8007479639466908,0.7462774817843456
226.39999389648438,60.99395600217769,2.0465718043965353,1.0063363463067836
224.52999877929688,57.210162579592414,2.0666726751226747,1.218403612069962
226.83999633789062,60.47226974842252,2.243142704723283,1.4233514306006263
227.17999267578125,60.944213647637994,2.3829620345871376,1.6152735513979288
228.02999877929688,62.16058287765465,2.5331575857912583,1.798850358276595
226.49000549316406,58.59970611389824,2.4991158029600626,1.9389034472132884
229.7899932861328,63.43365060940771,2.7072118277825723,2.0925651233271454
229.0,61.5799760006789,2.7763791995869838,2.229327938579113
222.77000427246094,49.335903035932155,2.3019507952472793,2.243852509912746
220.85000610351562,46.28172941599133,1.7508523248630183,2.1452524729028006
222.3800048828125,48.99159255456491,1.421178470632782,2.000437672448797
220.82000732421875,46.420303908688325,1.0222469736627886,1.8047995326915953
220.91000366210938,46.59444501923594,0.7052234634050762,1.5848843188342916
220.11000061035156,45.188461880553355,0.38498857843723044,1.3449051707548796
222.66000366210938,50.33301339446257,0.33312401367743405,1.1425489393393904
